Title	Given planned earliest start	Given planned earliest end	Notes	Assigned Resources	Additional Title"[W 6-5] Old Dominion (Georgia Tech Baseball)"	"02/14/2014 09:00 PM CET"	"02/14/2014 11:00 PM CET"	"W, 6-5  Buy tickets at http://www.ramblinwreck.com/tickets/ticket-info.html  Watch this on Radio on WREK  Watch the video at http://www.ramblinwreck.com/allaccess/?media=434883  Watch on Gametracker at http://ramblinwreck.cstv.com/gametracker/launch/?event=1306207&school=geot&sport=mbasebl&
URL:http://www.ramblinwreck.com/tickets/ticket-info.html
"	""	"Atlanta, Ga. ""[L 3-1] Radford (Georgia Tech Baseball)"	"02/15/2014 10:00 PM CET"	"02/16/2014 12:00 AM CET"	"L, 3-1  Buy tickets at http://www.ramblinwreck.com/tickets/ticket-info.html  Watch this on Radio on WREK  Watch the video at http://www.ramblinwreck.com/allaccess/?media=434884  Watch on Gametracker at http://ramblinwreck.cstv.com/gametracker/launch/?event=1306208&school=geot&sport=mbasebl&
URL:http://www.ramblinwreck.com/tickets/ticket-info.html
"	""	"Atlanta, Ga. ""[L 5-3] VCU (Georgia Tech Baseball)"	"02/16/2014 08:00 PM CET"	"02/16/2014 10:00 PM CET"	"L, 5-3  Buy tickets at http://www.ramblinwreck.com/tickets/ticket-info.html  Watch this on Radio on WREK  Watch the video at http://www.ramblinwreck.com/allaccess/?media=434885  Watch on Gametracker at http://ramblinwreck.cstv.com/gametracker/launch/?event=1306209&school=geot&sport=mbasebl&
URL:http://www.ramblinwreck.com/tickets/ticket-info.html
"	""	"Atlanta, Ga. ""[L 4-3] Georgia Southern (Georgia Tech Baseball)"	"02/20/2014 12:00 AM CET"	"02/20/2014 02:00 AM CET"	"L, 4-3  Watch this on Radio on WREK  See live stats on Live Stats at http://www.sidearmstats.com/georgiasouthern/baseball/
"	""	"Statesboro, Ga. ""[W 7-3] UNC Greensboro (Georgia Tech Baseball)"	"02/21/2014 10:00 PM CET"	"02/22/2014 12:00 AM CET"	"W, 7-3  Buy tickets at http://www.ramblinwreck.com/tickets/ticket-info.html  Watch this on Radio on WREK  Watch the video at http://www.ramblinwreck.com/allaccess/?media=434886  Watch on Gametracker at http://ramblinwreck.cstv.com/gametracker/launch/?event=1306213&school=geot&sport=mbasebl&
URL:http://www.ramblinwreck.com/tickets/ticket-info.html
"	""	"Atlanta, Ga. ""[W 7-0] UNC Greensboro (Georgia Tech Baseball)"	"02/22/2014 08:00 PM CET"	"02/22/2014 10:00 PM CET"	"W, 7-0  Buy tickets at http://www.ramblinwreck.com/tickets/ticket-info.html  Watch this on Radio on WREK  Watch the video at http://www.ramblinwreck.com/allaccess/?media=434887  Watch on Gametracker at http://ramblinwreck.cstv.com/gametracker/launch/?event=1306215&school=geot&sport=mbasebl&
URL:http://www.ramblinwreck.com/tickets/ticket-info.html
"	""	"Atlanta, Ga. ""[W 12-3] UNC Greensboro (Georgia Tech Baseball)"	"02/23/2014 07:00 PM CET"	"02/23/2014 09:00 PM CET"	"W, 12-3  Buy tickets at http://www.ramblinwreck.com/tickets/ticket-info.html  Watch this on Radio on WREK  Watch the video at http://www.ramblinwreck.com/allaccess/?media=434888  Watch on Gametracker at http://ramblinwreck.cstv.com/gametracker/launch/?event=1306228&school=geot&sport=mbasebl&
URL:http://www.ramblinwreck.com/tickets/ticket-info.html
"	""	"Atlanta, Ga. ""[L 5-3] Kennesaw State (Georgia Tech Baseball)"	"02/25/2014 10:00 PM CET"	"02/26/2014 12:00 AM CET"	"L, 5-3 (12)  Buy tickets at http://www.ramblinwreck.com/tickets/ticket-info.html  Watch this on Radio on WREK  Watch the video at http://www.ramblinwreck.com/allaccess/?media=434889  Watch on Gametracker at http://ramblinwreck.cstv.com/gametracker/launch/?event=1306232&school=geot&sport=mbasebl&
URL:http://www.ramblinwreck.com/tickets/ticket-info.html
"	""	"Atlanta, Ga. ""[W 3-2] Bowling Green (Georgia Tech Baseball)"	"02/28/2014 10:00 PM CET"	"03/01/2014 12:00 AM CET"	"W, 3-2  Buy tickets at http://www.ramblinwreck.com/tickets/ticket-info.html  Watch this on Radio on WREK  Watch the video at http://www.ramblinwreck.com/allaccess/?media=434890  Watch on Gametracker at http://ramblinwreck.cstv.com/gametracker/launch/?event=1306233&school=geot&sport=mbasebl&
URL:http://www.ramblinwreck.com/tickets/ticket-info.html
"	""	"Atlanta, Ga. ""[W 8-3] Bowling Green (Georgia Tech Baseball)"	"03/01/2014 08:00 PM CET"	"03/01/2014 10:00 PM CET"	"W, 8-3  Buy tickets at http://www.ramblinwreck.com/tickets/ticket-info.html  Watch this on Radio on WREK  Watch the video at http://www.ramblinwreck.com/allaccess/?media=434891  Watch on Gametracker at http://ramblinwreck.cstv.com/gametracker/launch/?event=1306234&school=geot&sport=mbasebl&
URL:http://www.ramblinwreck.com/tickets/ticket-info.html
"	""	"Atlanta, Ga. ""[W 8-5] Bowling Green (Georgia Tech Baseball)"	"03/02/2014 07:00 PM CET"	"03/02/2014 09:00 PM CET"	"W, 8-5  Buy tickets at http://www.ramblinwreck.com/tickets/ticket-info.html  Watch this on Radio on WREK  Watch the video at http://www.ramblinwreck.com/allaccess/?media=434892  Watch on Gametracker at http://ramblinwreck.cstv.com/gametracker/launch/?event=1306235&school=geot&sport=mbasebl&
URL:http://www.ramblinwreck.com/tickets/ticket-info.html
"	""	"Atlanta, Ga. ""[L 1-0] Georgia (Georgia Tech Baseball)"	"03/05/2014 01:00 AM CET"	"03/05/2014 03:00 AM CET"	"L, 1-0  Watch this on TV on CSS  Watch this on Radio on WREK  Watch on Gametracker at http://www.ramblinwreck.com/gametracker/launch/?event=1304284&school=geot&sport=mbasebl&
"	""	"Athens, Ga. ""[L 9-2] Wake Forest (Georgia Tech Baseball)"	"03/07/2014 10:00 PM CET"	"03/08/2014 12:00 AM CET"	"L, 9-2  Buy tickets at http://www.ramblinwreck.com/tickets/ticket-info.html  Watch this on TV on ESPN3  Watch this on Radio on WREK  See live stats on Watch Live at http://es.pn/1d1S60u  See live stats on Listen Live at http://streaming.wrek.org:8000/hd2/128kb.mp3  Watch on Gametracker at http://ramblinwreck.cstv.com/gametracker/launch/?event=1306238&school=geot&sport=mbasebl&
URL:http://www.ramblinwreck.com/tickets/ticket-info.html
"	""	"Atlanta, Ga. ""[L 12-8] Wake Forest (Georgia Tech Baseball)"	"03/08/2014 10:00 PM CET"	"03/09/2014 12:00 AM CET"	"L, 12-8  Buy tickets at http://www.ramblinwreck.com/tickets/ticket-info.html  Watch this on Radio on WREK  Watch the video at http://www.ramblinwreck.com/allaccess/?media=434893  Watch on Gametracker at http://ramblinwreck.cstv.com/gametracker/launch/?event=1306240&school=geot&sport=mbasebl&
URL:http://www.ramblinwreck.com/tickets/ticket-info.html
"	""	"Atlanta, Ga. ""[W 5-1] Wake Forest (Georgia Tech Baseball)"	"03/09/2014 06:00 PM CET"	"03/09/2014 08:00 PM CET"	"W, 5-1  Buy tickets at http://www.ramblinwreck.com/tickets/ticket-info.html  Watch this on Radio on WREK  Watch the video at http://www.ramblinwreck.com/allaccess/?media=434894  Watch on Gametracker at http://ramblinwreck.cstv.com/gametracker/launch/?event=1306242&school=geot&sport=mbasebl&
URL:http://www.ramblinwreck.com/tickets/ticket-info.html
"	""	"Atlanta, Ga. ""[W 9-4] Georgia State (Georgia Tech Baseball)"	"03/19/2014 11:00 PM CET"	"03/20/2014 01:00 AM CET"	"W, 9-4  Watch this on Radio on WREK  Watch on Gametracker at http://ramblinwreck.cstv.com/gametracker/launch/?event=1306251&school=geot&sport=mbasebl&
"	""	"Panthersville, Ga. ""[L 4-1] Mercer (Georgia Tech Baseball)"	"03/25/2014 11:00 PM CET"	"03/26/2014 01:00 AM CET"	"L, 4-1  Buy tickets at http://www.ramblinwreck.com/tickets/ticket-info.html  Watch this on Radio on WREK  Watch the video at http://www.ramblinwreck.com/allaccess/?media=434896  Watch on Gametracker at http://ramblinwreck.cstv.com/gametracker/launch/?event=1306256&school=geot&sport=mbasebl&
URL:http://www.ramblinwreck.com/tickets/ticket-info.html
"	""	"Atlanta, Ga. ""[W 7-3] Georgia State (Georgia Tech Baseball)"	"04/03/2014 12:00 AM CEST"	"04/03/2014 02:00 AM CEST"	"W, 7-3  Buy tickets at http://www.ramblinwreck.com/tickets/ticket-info.html  Watch this on TV on ESPN3  Watch this on Radio on WREK  Watch on Gametracker at http://ramblinwreck.cstv.com/gametracker/launch/?event=1306261&school=geot&sport=mbasebl&
URL:http://www.ramblinwreck.com/tickets/ticket-info.html
"	""	"Atlanta, Ga. ""[W 5-3] Florida State (Georgia Tech Baseball)"	"04/12/2014 01:30 AM CEST"	"04/12/2014 03:30 AM CEST"	"W, 5-3  Buy tickets at http://www.ramblinwreck.com/tickets/ticket-info.html  Watch this on TV on CSS/ESPN3  Watch this on Radio on WREK  Watch on Gametracker at http://ramblinwreck.cstv.com/gametracker/launch/?event=1305158&school=geot&sport=mbasebl&
URL:http://www.ramblinwreck.com/tickets/ticket-info.html
"	""	"Atlanta, Ga. ""[W 12-4] Florida State (Georgia Tech Baseball)"	"04/12/2014 08:00 PM CEST"	"04/12/2014 10:00 PM CEST"	"W, 12-4  Buy tickets at http://www.ramblinwreck.com/tickets/ticket-info.html  Watch this on TV on RSN  Watch this on Radio on WREK  Watch on Gametracker at http://ramblinwreck.cstv.com/gametracker/launch/?event=1305159&school=geot&sport=mbasebl&
URL:http://www.ramblinwreck.com/tickets/ticket-info.html
"	""	"Atlanta, Ga. ""[L 5-4] Florida State (Georgia Tech Baseball)"	"04/13/2014 07:00 PM CEST"	"04/13/2014 09:00 PM CEST"	"L, 5-4  Buy tickets at http://www.ramblinwreck.com/tickets/ticket-info.html  Watch this on TV on CSS/ESPN3  Watch this on Radio on WREK  Watch on Gametracker at http://ramblinwreck.cstv.com/gametracker/launch/?event=1305160&school=geot&sport=mbasebl&
URL:http://www.ramblinwreck.com/tickets/ticket-info.html
"	""	"Atlanta, Ga. ""North Carolina State (Georgia Tech Baseball)"	"04/26/2014 12:30 AM CEST"	"04/26/2014 02:30 AM CEST"	"Watch this on TV on ESPN3  Watch this on Radio on WREK  Watch on Gametracker at http://www.ramblinwreck.com/gametracker/launch/?event=1306290&school=geot&sport=mbasebl&
"	""	"Raleigh, N.C. ""North Carolina State (Georgia Tech Baseball)"	"04/26/2014 07:00 PM CEST"	"04/26/2014 09:00 PM CEST"	"Watch this on TV on RSN  Watch this on Radio on WREK  Watch on Gametracker at http://www.ramblinwreck.com/gametracker/launch/?event=1306292&school=geot&sport=mbasebl&
"	""	"Raleigh, N.C. ""North Carolina State (Georgia Tech Baseball)"	"04/27/2014 07:00 PM CEST"	"04/27/2014 09:00 PM CEST"	"Watch this on TV on ESPN3  Watch this on Radio on WREK  Watch on Gametracker at http://www.ramblinwreck.com/gametracker/launch/?event=1306295&school=geot&sport=mbasebl&
"	""	"Raleigh, N.C. ""Virginia Tech (Georgia Tech Baseball)"	"05/03/2014 01:00 AM CEST"	"05/03/2014 03:00 AM CEST"	"Buy tickets at http://www.ramblinwreck.com/tickets/ticket-info.html  Watch this on TV on ESPN3  Watch this on Radio on WREK  Watch on Gametracker at http://ramblinwreck.cstv.com/gametracker/launch/?event=1306298&school=geot&sport=mbasebl&
URL:http://www.ramblinwreck.com/tickets/ticket-info.html
"	""	"Atlanta, Ga. ""Virginia Tech (Georgia Tech Baseball)"	"05/03/2014 07:00 PM CEST"	"05/03/2014 09:00 PM CEST"	"Buy tickets at http://www.ramblinwreck.com/tickets/ticket-info.html  Watch this on TV on RSN  Watch this on Radio on WREK  Watch on Gametracker at http://ramblinwreck.cstv.com/gametracker/launch/?event=1306301&school=geot&sport=mbasebl&
URL:http://www.ramblinwreck.com/tickets/ticket-info.html
"	""	"Atlanta, Ga. ""Virginia Tech (Georgia Tech Baseball)"	"05/04/2014 07:00 PM CEST"	"05/04/2014 09:00 PM CEST"	"Buy tickets at http://www.ramblinwreck.com/tickets/ticket-info.html  Watch this on TV on ESPN3  Watch this on Radio on WREK  Watch on Gametracker at http://ramblinwreck.cstv.com/gametracker/launch/?event=1306304&school=geot&sport=mbasebl&
URL:http://www.ramblinwreck.com/tickets/ticket-info.html
"	""	"Atlanta, Ga. ""North Florida (Georgia Tech Baseball)"	"05/06/2014 10:00 PM CEST"	"05/07/2014 12:00 AM CEST"	"Buy tickets at http://www.ramblinwreck.com/tickets/ticket-info.html  Watch this on TV on ESPN3  Watch this on Radio on WREK  Watch on Gametracker at http://ramblinwreck.cstv.com/gametracker/launch/?event=1306305&school=geot&sport=mbasebl&
URL:http://www.ramblinwreck.com/tickets/ticket-info.html
"	""	"Atlanta, Ga. ""Virginia (Georgia Tech Baseball)"	"05/10/2014 12:00 AM CEST"	"05/10/2014 02:00 AM CEST"	"Watch this on Radio on WREK  Watch on Gametracker at http://www.ramblinwreck.com/gametracker/launch/?event=1306311&school=geot&sport=mbasebl&
"	""	"Charlottesville, Va. ""Virginia (Georgia Tech Baseball)"	"05/10/2014 10:00 PM CEST"	"05/11/2014 12:00 AM CEST"	"Watch this on Radio on WREK  Watch on Gametracker at http://www.ramblinwreck.com/gametracker/launch/?event=1306313&school=geot&sport=mbasebl&
"	""	"Charlottesville, Va. ""Virginia (Georgia Tech Baseball)"	"05/11/2014 06:00 PM CEST"	"05/11/2014 08:00 PM CEST"	"Watch this on Radio on WREK  Watch on Gametracker at http://www.ramblinwreck.com/gametracker/launch/?event=1306314&school=geot&sport=mbasebl&
"	""	"Charlottesville, Va. ""USF (Georgia Tech Baseball)"	"05/16/2014 01:00 AM CEST"	"05/16/2014 03:00 AM CEST"	"Buy tickets at http://www.ramblinwreck.com/tickets/ticket-info.html  Watch this on TV on ESPN3  Watch this on Radio on WREK  Watch on Gametracker at http://ramblinwreck.cstv.com/gametracker/launch/?event=1306322&school=geot&sport=mbasebl&
URL:http://www.ramblinwreck.com/tickets/ticket-info.html
"	""	"Atlanta, Ga. ""USF (Georgia Tech Baseball)"	"05/17/2014 01:00 AM CEST"	"05/17/2014 03:00 AM CEST"	"Buy tickets at http://www.ramblinwreck.com/tickets/ticket-info.html  Watch this on TV on ESPN3  Watch this on Radio on WREK  Watch on Gametracker at http://ramblinwreck.cstv.com/gametracker/launch/?event=1306323&school=geot&sport=mbasebl&
URL:http://www.ramblinwreck.com/tickets/ticket-info.html
"	""	"Atlanta, Ga. ""USF (Georgia Tech Baseball)"	"05/17/2014 07:00 PM CEST"	"05/17/2014 09:00 PM CEST"	"Buy tickets at http://www.ramblinwreck.com/tickets/ticket-info.html  Watch this on TV on ESPN3  Watch this on Radio on WREK  Watch on Gametracker at http://ramblinwreck.cstv.com/gametracker/launch/?event=1306325&school=geot&sport=mbasebl&
URL:http://www.ramblinwreck.com/tickets/ticket-info.html
"	""	"Atlanta, Ga. ""[W 8-7] Kennesaw State (Georgia Tech Baseball)"	"03/18/2014 11:00 PM CET"	"03/19/2014 01:00 AM CET"	"W, 8-7  Watch this on Radio on WREK
"	""	"Kennesaw, Ga. ""[W 7-4] Duke (Georgia Tech Baseball)"	"04/05/2014 01:00 AM CEST"	"04/05/2014 03:00 AM CEST"	"W, 7-4  Buy tickets at http://www.ramblinwreck.com/tickets/ticket-info.html  Watch this on TV on ESPN3  Watch this on Radio on WREK  Watch on Gametracker at http://ramblinwreck.cstv.com/gametracker/launch/?event=1306262&school=geot&sport=mbasebl&
URL:http://www.ramblinwreck.com/tickets/ticket-info.html
"	""	"Atlanta, Ga. ""[L 7-2] Maryland (Georgia Tech Baseball)"	"04/19/2014 12:30 AM CEST"	"04/19/2014 02:30 AM CEST"	"L, 7-2  Watch this on Radio on WREK  Watch on Gametracker at http://www.ramblinwreck.com/gametracker/launch/?event=1306277&school=geot&sport=mbasebl&
"	""	"College Park, Md. ""[W 7-5] Western Carolina (Georgia Tech Baseball)"	"03/11/2014 11:00 PM CET"	"03/12/2014 01:00 AM CET"	"W, 7-5  Buy tickets at http://www.ramblinwreck.com/tickets/ticket-info.html  Watch this on Radio on WREK  Watch the video at http://www.ramblinwreck.com/allaccess/?media=434895  Watch on Gametracker at http://ramblinwreck.cstv.com/gametracker/launch/?event=1306244&school=geot&sport=mbasebl&
URL:http://www.ramblinwreck.com/tickets/ticket-info.html
"	""	"Atlanta, Ga. ""[W 13-7] Miami (Georgia Tech Baseball)"	"03/15/2014 08:00 PM CET"	"03/15/2014 10:00 PM CET"	"W, 13-7  Buy tickets at http://www.ramblinwreck.com/tickets/ticket-info.html  Watch this on Radio on WREK  Watch the video at http://www.ramblinwreck.com/allaccess/?media=440465  Watch on Gametracker at http://ramblinwreck.cstv.com/gametracker/launch/?event=1336201&school=geot&sport=mbasebl&
URL:http://www.ramblinwreck.com/tickets/ticket-info.html
"	""	"Atlanta, Ga. ""[L 10-8] Miami (Georgia Tech Baseball)"	"03/15/2014 12:00 AM CET"	"03/15/2014 02:00 AM CET"	"L, 10-8  Buy tickets at http://www.ramblinwreck.com/tickets/ticket-info.html  Watch this on TV on ESPN3  Watch this on Radio on WREK  See live stats on Watch Live at http://es.pn/O2IMA7  Watch on Gametracker at http://ramblinwreck.cstv.com/gametracker/launch/?event=1306246&school=geot&sport=mbasebl&
URL:http://www.ramblinwreck.com/tickets/ticket-info.html
"	""	"Atlanta, Ga. ""[W 3-2] Miami (Georgia Tech Baseball)"	"03/16/2014 12:30 AM CET"	"03/16/2014 02:30 AM CET"	"W, 3-2 (10)  Buy tickets at http://www.ramblinwreck.com/tickets/ticket-info.html  Watch this on TV on CSS/ESPN3  Watch this on Radio on WREK  See live stats on Watch Live at http://es.pn/O2ILfF  Watch on Gametracker at http://ramblinwreck.cstv.com/gametracker/launch/?event=1306247&school=geot&sport=mbasebl&
URL:http://www.ramblinwreck.com/tickets/ticket-info.html
"	""	"Atlanta, Ga. ""[L 3-2] North Carolina (Georgia Tech Baseball)"	"03/21/2014 10:00 PM CET"	"03/22/2014 12:00 AM CET"	"L, 3-2 (11)  Watch this on TV on ESPN3  Watch this on Radio on WREK  Watch on Gametracker at http://www.ramblinwreck.com/gametracker/launch/?event=1306252&school=geot&sport=mbasebl&
"	""	"Chapel Hill, N.C. ""[W 6-5] North Carolina (Georgia Tech Baseball)"	"03/22/2014 07:00 PM CET"	"03/22/2014 09:00 PM CET"	"W, 6-5 (13)  Watch this on TV on ESPN3  Watch this on Radio on WREK  Watch on Gametracker at http://ramblinwreck.cstv.com/gametracker/launch/?event=1337355&school=geot&sport=mbasebl&
"	""	"Chapel Hill, N.C. ""[W 9-1] North Carolina (Georgia Tech Baseball)"	"03/22/2014 11:00 PM CET"	"03/23/2014 01:00 AM CET"	"W, 9-1  Watch this on TV on ESPN3  Watch this on Radio on WREK  Watch on Gametracker at http://www.ramblinwreck.com/gametracker/launch/?event=1306253&school=geot&sport=mbasebl&
"	""	"Chapel Hill, N.C. ""[L 4-3] Pittsburgh (Georgia Tech Baseball)"	"03/28/2014 10:30 PM CET"	"03/29/2014 12:30 AM CET"	"L, 4-3 (13)  Watch this on Radio on WREK  See live stats on Listen Live at http://www.wrek.org/player/  Watch on Gametracker at http://www.ramblinwreck.com/gametracker/launch/?event=1306258&school=geot&sport=mbasebl&
"	""	"Pittsburgh, Pa. ""[L 5-0] Pittsburgh (Georgia Tech Baseball)"	"03/29/2014 02:30 PM CET"	"03/29/2014 04:30 PM CET"	"L, 5-0  Watch this on Radio on WREK  See live stats on Listen Live at http://www.wrek.org/player/
"	""	"Pittsburgh, Pa. ""[L 2-4] Pittsburgh (Georgia Tech Baseball)"	"03/30/2014 06:00 PM CEST"	"03/30/2014 08:00 PM CEST"	"L, 2-4  Watch this on Radio on WREK  See live stats on Listen Live at http://www.wrek.org/player/
"	""	"Pittsburgh, Pa. ""Georgia (Georgia Tech Baseball)"	"05/14/2014 01:00 AM CEST"	"05/14/2014 03:00 AM CEST"	"Buy tickets at http://www.ramblinwreck.com/tickets/ticket-info.html  Watch this on TV on Fox Sports South  Watch this on Radio on WREK  Watch on Gametracker at http://www.ramblinwreck.com/gametracker/launch/?event=1304322&school=geot&sport=mbasebl&
URL:http://www.ramblinwreck.com/tickets/ticket-info.html
"	""	"Turner Field (Atlanta, Ga.) ""[W 5-1] Duke (Georgia Tech Baseball)"	"04/05/2014 10:00 PM CEST"	"04/06/2014 12:00 AM CEST"	"W, 5-1  Buy tickets at http://www.ramblinwreck.com/tickets/ticket-info.html  Watch this on TV on ESPN3  Watch this on Radio on WREK  Watch on Gametracker at http://ramblinwreck.cstv.com/gametracker/launch/?event=1306263&school=geot&sport=mbasebl&
URL:http://www.ramblinwreck.com/tickets/ticket-info.html
"	""	"Atlanta, Ga. ""[W 1-0] Duke (Georgia Tech Baseball)"	"04/06/2014 06:00 PM CEST"	"04/06/2014 08:00 PM CEST"	"W, 1-0  Buy tickets at http://www.ramblinwreck.com/tickets/ticket-info.html  Watch this on TV on ESPN3  Watch this on Radio on WREK
URL:http://www.ramblinwreck.com/tickets/ticket-info.html
"	""	"Atlanta, Ga. ""[W 13-2] Georgia Southern (Georgia Tech Baseball)"	"04/09/2014 12:00 AM CEST"	"04/09/2014 02:00 AM CEST"	"W, 13-2  Buy tickets at http://www.ramblinwreck.com/tickets/ticket-info.html  Watch this on Radio on WREK  Watch the video at http://www.ramblinwreck.com/allaccess/?media=434898  Watch on Gametracker at http://ramblinwreck.cstv.com/gametracker/launch/?event=1306266&school=geot&sport=mbasebl&
URL:http://www.ramblinwreck.com/tickets/ticket-info.html
"	""	"Atlanta, Ga. ""[W 12-1] Savannah State (Georgia Tech Baseball)"	"04/10/2014 12:00 AM CEST"	"04/10/2014 02:00 AM CEST"	"W, 12-1  Buy tickets at http://www.ramblinwreck.com/tickets/ticket-info.html  Watch this on Radio on WREK  Watch the video at http://www.ramblinwreck.com/allaccess/?media=434899  Watch on Gametracker at http://ramblinwreck.cstv.com/gametracker/launch/?event=1306268&school=geot&sport=mbasebl&
URL:http://www.ramblinwreck.com/tickets/ticket-info.html
"	""	"Atlanta, Ga. ""[W 4-1] Georgia (Georgia Tech Baseball)"	"04/16/2014 01:30 AM CEST"	"04/16/2014 03:30 AM CEST"	"W, 4-1  Buy tickets at http://www.ramblinwreck.com/tickets/ticket-info.html  Watch this on TV on CSS/ESPN3  Watch this on Radio on WREK  Watch on Gametracker at http://ramblinwreck.cstv.com/gametracker/launch/?event=1304306&school=geot&sport=mbasebl&
URL:http://www.ramblinwreck.com/tickets/ticket-info.html
"	""	"Atlanta, Ga. ""[L 4-1] Maryland (Georgia Tech Baseball)"	"04/19/2014 08:00 PM CEST"	"04/19/2014 10:00 PM CEST"	"L, 4-1  Watch this on Radio on WREK  Watch on Gametracker at http://www.ramblinwreck.com/gametracker/launch/?event=1306280&school=geot&sport=mbasebl&
"	""	"College Park, Md. ""[W 13-6] Maryland (Georgia Tech Baseball)"	"04/20/2014 07:00 PM CEST"	"04/20/2014 09:00 PM CEST"	"W, 13-6  Watch this on Radio on WREK  Watch on Gametracker at http://www.ramblinwreck.com/gametracker/launch/?event=1306281&school=geot&sport=mbasebl&
"	""	"College Park, Md. ""Mercer (Georgia Tech Baseball)"	"04/23/2014 12:00 AM CEST"	"04/23/2014 02:00 AM CEST"	"Cancelled  Watch this on Radio on WREK
"	""	"Macon, Ga. "